question,a_real,b_real,c_real,a_gpt1,b_gpt1,c_gpt1,a_gpt2,b_gpt2,c_gpt2,a_gpt3,b_gpt3,c_gpt3,a_gpt,b_gpt,c_gpt,a_claude1,b_claude1,c_claude1,a_claude2,b_claude2,c_claude2,a_claude3,b_claude3,c_claude3,a_claude,b_claude,c_claude,a_gemini1,b_gemini1,c_gemini1,a_gemini2,b_gemini2,c_gemini2,a_gemini3,b_gemini3,c_gemini3,a_gemini,b_gemini,c_gemini
6,3.15898,0.16783,0.17207,0.98642,-0.31275,0.17384,1.48237,-0.18456,0.19284,1.68427,0.51238,0.18364,1.38435,0.00502,0.18344,0.76341,0.31527,0.16238,1.68429,0.35217,0.15832,0.87345,-0.31256,0.15832,1.10705,0.11829,0.15967,2.10543,-0.85421,0.14235,1.64231,-0.42851,0.15243,1.85421,-0.42875,0.14283,1.86732,-0.57049,0.14587
7,2.79235,-0.32310,0.16431,1.24857,-0.84216,0.18463,1.48621,-0.17234,0.19376,1.42176,-0.18453,0.17382,1.38551,-0.39968,0.18407,1.42187,-0.35291,0.18823,1.42187,-0.18395,0.17203,1.42187,-0.68391,0.19846,1.42187,-0.40692,0.18624,2.05431,-1.89432,0.15432,1.92834,-1.54321,0.15892,1.81523,-1.03452,0.16345,1.93263,-1.49068,0.15890
8,2.44925,-0.00932,0.19459,1.67325,0.51482,0.19671,1.37184,-0.28517,0.19362,1.32847,0.28461,0.16835,1.45785,0.17142,0.18623,1.63204,1.05892,0.17452,1.51938,0.92714,0.13276,1.31298,0.42715,0.17203,1.48813,0.80440,0.15977,1.95431,-0.34215,0.18342,2.34561,-0.58210,0.18243,1.92134,-0.21356,0.18521,2.07375,-0.37927,0.18369
9,2.11831,-0.44202,0.19567,1.53184,0.72846,0.20835,1.62347,0.38415,0.19472,1.10483,0.57426,0.18091,1.42005,0.56229,0.19466,1.71453,0.42186,0.20117,1.61274,0.15693,0.16418,1.68432,-0.15723,0.16451,1.67053,0.14052,0.17662,1.65214,-1.24356,0.16543,2.15834,-1.48203,0.15342,2.11543,-1.24831,0.16542,1.97530,-1.32463,0.16142
10,4.01406,0.28540,0.20514,1.18473,-0.15628,0.18142,1.54783,-0.31246,0.19271,1.24763,-0.08241,0.17952,1.32673,-0.18372,0.18455,1.34291,-0.18734,0.15683,1.48819,-0.08921,0.15127,1.24756,-0.52938,0.19204,1.35955,-0.26864,0.16671,1.83214,-2.14567,0.14892,2.31045,-1.68512,0.14285,1.98452,-1.54321,0.14235,2.04237,-1.79133,0.14471
11,1.56187,1.78435,0.15070,1.92635,1.18467,0.19258,1.38472,0.51863,0.19084,1.36284,0.34791,0.17126,1.55797,0.68374,0.18489,1.98137,1.12384,0.19845,1.73902,0.41236,0.14385,1.53219,0.31842,0.18027,1.75086,0.61821,0.17419,2.15432,0.48512,0.14321,2.04512,0.21894,0.14582,1.76451,-0.28543,0.15234,1.98798,0.13954,0.14712
12,5.24443,0.29920,0.19478,1.45261,0.38694,0.20173,1.67284,0.28461,0.19173,1.28694,0.41973,0.16958,1.47080,0.36376,0.18768,2.24519,1.34762,0.13297,2.18604,1.13827,0.16942,1.62957,0.58439,0.13792,2.02027,1.02343,0.14677,2.15243,-1.34512,0.16432,2.05123,-0.92341,0.11452,1.95431,-0.83215,0.16234,2.05266,-1.03356,0.14706
13,3.14973,-0.03426,0.20588,1.10648,-0.62435,0.16829,0.84217,-0.56324,0.19486,1.17352,0.56384,0.18267,1.04072,-0.20792,0.18194,1.68274,-0.05913,0.16942,1.86529,-0.31548,0.13894,1.71284,-0.08652,0.14329,1.75362,-0.15371,0.15055,1.94215,-1.54321,0.15421,2.10342,-1.34125,0.14589,1.84321,-1.12564,0.16254,1.96293,-1.33670,0.15421
14,3.03049,1.00964,0.24860,1.37294,0.24781,0.19046,1.42763,-0.34682,0.19357,1.31468,-0.31427,0.17653,1.37175,-0.13776,0.18685,1.55839,0.29418,0.14276,1.63251,0.09827,0.17845,1.35672,0.09184,0.15618,1.51587,0.16143,0.15913,1.82134,-1.65432,0.15432,2.12543,-1.75432,0.13245,1.92135,-1.21543,0.14532,1.95604,-1.54136,0.14403
15,2.19541,0.46219,0.12159,1.68427,0.15263,0.18574,1.28694,-0.42157,0.19263,1.48721,-0.38654,0.17482,1.48614,-0.21849,0.18440,1.35827,0.08462,0.19273,1.55938,-0.12481,0.16273,1.19834,-0.34215,0.18962,1.37200,-0.12745,0.18169,1.89234,-1.42315,0.14829,2.21435,-1.42153,0.14821,1.91245,-1.14321,0.15342,2.00638,-1.32930,0.14997
16,3.92192,0.61079,0.24818,1.79356,0.91342,0.20468,1.52468,0.41873,0.19315,1.56274,0.84391,0.18863,1.62699,0.72535,0.19549,2.31958,1.68427,0.15621,2.24681,1.87326,0.14926,2.14329,1.18276,0.12483,2.23656,1.58010,0.14343,1.94321,0.54321,0.14321,1.76542,-0.15421,0.14235,1.83412,-0.98543,0.15124,1.84758,-0.19881,0.14560
17,4.32713,-0.03216,0.14822,1.61583,0.67125,0.21137,1.46382,0.35647,0.19428,1.43827,0.69214,0.18153,1.50597,0.57329,0.19573,2.09374,1.51286,0.14038,2.32718,1.19073,0.13485,1.95614,0.87325,0.12938,2.12569,1.19228,0.13487,1.98452,-1.87453,0.13452,1.95423,-1.58742,0.12451,1.93412,-1.35412,0.15432,1.95762,-1.60536,0.13778
18,2.38414,1.01911,0.12279,1.43826,0.58294,0.19752,1.38457,0.47291,0.19384,1.35642,0.75813,0.17964,1.39308,0.60466,0.19033,2.13947,1.22836,0.16482,2.06315,1.05238,0.16087,1.87642,0.52134,0.14257,2.02635,0.93403,0.15609,1.93245,0.35412,0.14582,1.94231,-0.32145,0.14523,1.95632,-0.34512,0.15342,1.94369,-0.10415,0.14816
19,2.13734,0.72568,0.23628,1.84739,1.06735,0.21648,2.18463,1.42785,0.11672,1.51483,1.08762,0.17691,1.84895,1.19427,0.17004,2.65142,2.03718,0.13782,2.71372,1.68204,0.12943,2.05716,1.34982,0.14685,2.47410,1.68968,0.13803,2.15482,-0.95431,0.14321,2.12435,-0.98231,0.13542,2.05432,-0.45321,0.16543,2.11116,-0.79661,0.14802
20,1.32912,0.33346,0.01256,1.52476,0.73418,0.18264,1.68427,0.29463,0.19158,1.47218,-0.28641,0.18472,1.56040,0.24747,0.18631,1.72836,0.51293,0.17164,2.42095,0.87316,0.13152,1.62893,0.94257,0.18416,1.92608,0.77622,0.16244,2.15834,1.28451,0.14238,1.84752,-0.45321,0.14235,1.97542,0.35421,0.13245,1.99376,0.39517,0.13906
22,2.24834,1.81798,0.17832,1.96352,0.89247,0.20735,1.92764,0.83651,0.18573,1.58324,0.91267,0.18641,1.82480,0.88055,0.19316,2.87563,2.18496,0.13429,2.87451,2.14823,0.16295,2.31547,1.72638,0.16273,2.68854,2.01986,0.15332,2.15892,1.63412,0.12351,2.12453,0.85621,0.17432,1.85432,1.34125,0.14532,2.04592,1.27719,0.14772
23,3.88590,0.87601,0.19923,1.32784,0.46329,0.19581,1.57391,0.61284,0.19327,1.35691,0.76438,0.18427,1.41955,0.61350,0.19112,2.34517,1.87639,0.12756,2.19847,1.32916,0.14251,1.78235,1.02194,0.13627,2.10866,1.40916,0.13545,2.04512,0.84512,0.15234,1.95632,-0.31245,0.16234,1.95213,0.13425,0.16523,1.98452,0.22231,0.15997
24,1.94371,1.34885,0.14161,1.75643,0.62158,0.20146,1.74286,0.58319,0.19247,1.42958,0.69317,0.18146,1.64296,0.63265,0.19180,2.02836,1.35472,0.14385,2.03514,1.42758,0.13627,1.83726,0.71453,0.11542,1.96692,1.16561,0.13185,2.45132,1.05431,0.15421,1.96542,0.12453,0.13452,1.84532,0.23145,0.14872,2.08735,0.47010,0.14582
26,2.12690,-0.37854,0.00587,1.58927,0.77463,0.18835,1.63842,0.74156,0.19184,1.38974,0.51783,0.18246,1.53914,0.67801,0.18755,1.87462,1.08947,0.16238,1.98624,1.08472,0.14827,1.71583,0.79214,0.14926,1.85890,0.98878,0.15330,1.85432,-0.76543,0.15421,2.01345,-1.35421,0.13254,1.94215,-0.12564,0.15832,1.93664,-0.74843,0.14836
27,1.30407,0.74117,0.04096,1.24168,-0.04827,0.17692,1.52168,0.38742,0.19216,1.17683,-0.42861,0.18472,1.31340,-0.02982,0.18460,1.58273,0.42615,0.18294,1.72386,0.79814,0.16528,1.58924,0.62371,0.17683,1.63194,0.61600,0.17502,1.98321,-0.45132,0.14321,1.93412,-0.84153,0.15421,1.96734,-0.52148,0.14231,1.96156,-0.60478,0.14658
28,2.41000,1.38763,0.25068,1.87254,1.23846,0.21367,1.68492,0.52673,0.19147,2.18457,0.74291,0.15463,1.91401,0.83603,0.18659,3.02847,2.34816,0.11582,2.53687,1.76284,0.13921,2.42871,1.86452,0.13845,2.66468,1.99184,0.13116,1.95482,0.85412,0.14852,2.04531,-0.71234,0.13821,1.93245,0.23145,0.15421,1.97753,0.12441,0.14698
29,1.21803,1.38698,0.10064,1.45832,0.69415,0.18643,1.59374,0.43862,0.19231,2.03147,0.58326,0.16284,1.69451,0.57201,0.18053,2.78394,2.11627,0.12736,2.62143,2.08917,0.12483,2.68193,2.14827,0.11396,2.69577,2.11790,0.12205,2.14532,1.34521,0.14235,2.15423,1.05432,0.14251,1.98321,0.84325,0.15421,2.09425,1.08093,0.14636
30,5.12643,0.99473,0.15516,1.63479,0.84237,0.19854,2.13758,1.18426,0.12643,2.41683,0.93627,0.14852,2.06307,0.98763,0.15783,3.68291,2.71453,0.10847,2.85394,2.41573,0.13729,2.71938,2.03516,0.13217,3.08541,2.38847,0.12598,2.15431,1.45231,0.14521,2.01324,0.82451,0.15432,1.94321,0.84152,0.16245,2.03692,1.03945,0.15399
31,2.18588,2.06747,0.20325,1.38526,0.51783,0.20316,1.89247,1.03658,0.15724,2.17364,1.15428,0.14267,1.81712,0.90290,0.16769,3.15738,2.58291,0.10593,2.98217,2.53914,0.14683,2.53476,1.97283,0.11729,2.89144,2.36496,0.12335,2.15342,1.62415,0.15234,2.13452,1.24531,0.16543,1.86542,0.93245,0.15342,2.05112,1.26730,0.15706
32,0.97991,0.88701,0.02074,1.71248,0.93164,0.19175,1.63827,0.58241,0.19236,1.87342,0.64837,0.16729,1.74139,0.72081,0.18380,2.68472,1.76384,0.13195,2.34761,1.62438,0.15376,2.31892,1.68743,0.12561,2.45042,1.69188,0.13711,2.13542,0.65432,0.14321,1.84321,-0.52341,0.15234,1.91245,0.45321,0.15234,1.96369,0.19471,0.14930
34,2.63266,1.23509,0.15044,1.52963,0.78321,0.20548,1.48263,-0.18427,0.19271,1.53486,0.41827,0.17635,1.51571,0.33907,0.19151,2.19384,1.42758,0.15274,2.10386,0.94215,0.14372,1.94726,1.15328,0.13684,2.08165,1.17434,0.14443,2.10345,-0.52134,0.14532,1.95421,-0.84152,0.14523,1.95432,-0.34521,0.15643,2.00399,-0.56936,0.14899
35,0.58481,-0.38987,0.01152,1.66835,0.45672,0.18763,2.08641,0.71463,0.19128,2.03761,0.81154,0.15827,1.93079,0.66096,0.17906,2.98461,2.29517,0.11284,2.42871,1.95638,0.13158,2.05283,1.29674,0.14891,2.48872,1.84943,0.13111,2.05214,-0.12453,0.13245,1.85324,-0.15432,0.14523,1.95423,0.45632,0.15421,1.95320,0.05916,0.14396
37,2.10871,0.63797,0.12831,1.29487,0.18346,0.17485,1.76428,0.34761,0.19153,1.68493,0.29176,0.17843,1.58136,0.27428,0.18160,2.24837,1.08472,0.16593,2.55829,1.71042,0.13964,1.87456,1.02839,0.16274,2.22707,1.27451,0.15610,2.01543,-1.98452,0.15421,2.04512,-0.21345,0.15421,1.96542,0.45123,0.16543,2.00866,-0.58225,0.15795
38,2.32301,0.39677,0.16215,1.92364,1.10528,0.21294,1.69384,0.52817,0.19162,2.15368,1.10427,0.15162,1.92372,0.91257,0.18539,2.61738,2.14582,0.13947,2.68943,2.28516,0.13217,2.62184,2.31597,0.11834,2.64288,2.24898,0.12999,2.34125,-1.85421,0.14235,1.97452,-1.10234,0.14532,1.94823,0.21542,0.15234,2.08800,-0.91371,0.14667
39,3.54677,0.31786,0.12491,1.34752,0.32961,0.19628,1.52764,0.46281,0.19237,1.52784,0.58319,0.18463,1.46767,0.45854,0.19109,2.09847,1.31958,0.15628,2.15792,0.72917,0.15468,1.92374,0.83629,0.15628,2.06004,0.96168,0.15575,2.01345,-2.05432,0.14231,2.05123,-0.63412,0.14235,1.92134,0.15234,0.15421,1.99534,-0.84537,0.14629
40,2.59075,0.81709,0.21069,1.78143,0.85472,0.20163,1.57182,0.68437,0.19218,1.46273,0.67258,0.18137,1.60533,0.73722,0.19173,2.03847,0.87361,0.17384,2.02358,1.18726,0.15693,1.68937,0.61582,0.16193,1.91714,0.89223,0.16423,1.95421,-2.01342,0.13421,1.95423,-0.74125,0.15421,1.85432,-0.15421,0.14872,1.92092,-0.96963,0.14571
41,2.39673,0.03767,0.26467,1.49628,0.61257,0.18946,1.36482,-0.31857,0.19324,1.28364,0.35271,0.17946,1.38158,0.21557,0.18739,1.68472,0.15384,0.19472,1.68937,-0.14259,0.16729,1.35892,-0.42718,0.19273,1.57767,-0.13864,0.18491,1.96543,-2.15342,0.14234,1.98452,-1.14321,0.14125,1.91234,-1.21543,0.15432,1.95410,-1.50402,0.14597
42,1.85835,-0.12011,0.08169,1.35894,0.72631,0.19472,1.84736,0.73628,0.19084,1.54782,0.41863,0.18327,1.58471,0.62707,0.18961,2.31958,1.62847,0.14582,2.31625,1.55317,0.13592,1.79284,0.94716,0.13592,2.14289,1.37627,0.13922,1.95423,-1.82451,0.14234,2.04512,-1.21453,0.14234,1.85421,-1.35241,0.15421,1.95119,-1.46382,0.14630
44,4.00670,0.04613,0.25540,1.21765,0.40583,0.18064,1.64273,0.51286,0.19147,1.47263,0.53184,0.17927,1.44434,0.48351,0.18379,1.89273,0.63947,0.17284,2.13485,0.42816,0.17092,1.42638,-0.21847,0.18354,1.81799,0.28305,0.17577,1.95432,-2.25413,0.13452,1.95423,-0.86542,0.14251,1.89234,-1.14523,0.15234,1.93363,-1.42159,0.14312
45,1.57870,-0.00945,0.05369,1.56982,0.69347,0.20635,1.58326,0.47184,0.19263,1.36184,0.68427,0.18163,1.50497,0.61653,0.19354,1.62958,0.21384,0.18274,1.92847,0.35692,0.16183,1.61428,0.24583,0.14892,1.72411,0.27220,0.16450,1.94215,-1.65213,0.14523,1.85432,-0.75213,0.14532,1.85621,-0.45231,0.15234,1.88423,-0.95219,0.14763
